{
  "training_window_start": "2018-01",
  "training_window_end": "2024-12",
  "feature_cols": [
    "ng_spot",
    "ng_lag1",
    "ng_lag2",
    "ng_lag3",
    "ng_lag4",
    "ng_rolling_mean_3m",
    "ng_rolling_mean_6m",
    "ng_rolling_std_3m",
    "ng_rolling_std_6m",
    "ng_mom_1m",
    "ng_mom_3m",
    "ng_mom_6m",
    "urea_lag1",
    "urea_rolling_mean_3m",
    "urea_ng_ratio",
    "dap_lag1",
    "storage_zscore",
    "season_q1",
    "season_q2",
    "season_q3",
    "season_q4"
  ],
  "residual_mean_t1": 38.95104969618056,
  "residual_std_t1": 247.12169271137867,
  "test_rmse_t1": 95.1089066225749,
  "test_mae_t1": 64.47489339192708,
  "test_dir_acc_t1": 0.38095238095238093,
  "residual_mean_t2": 40.85541167534723,
  "residual_std_t2": 258.9817540790411,
  "test_rmse_t2": 91.600860044207,
  "test_mae_t2": 68.41301333472842,
  "test_dir_acc_t2": 0.23809523809523808,
  "residual_mean_t3": 49.8631434733073,
  "residual_std_t3": 247.1118285000027,
  "test_rmse_t3": 135.3555280794631,
  "test_mae_t3": 101.82528401692707,
  "test_dir_acc_t3": 0.42857142857142855
}